original_text,cleaned_tamil,valence,arousal,dominance,depression_type,utterance_count
What do You call This Coincidence or What??,செய்வது ரோ கால் இந்த தற்செயல் நல்லது,5.615,4.108,5.508,Situational,1
"Enna na I have a Crush in My Office I'm 22 i think she is elder then me . So Epo enaku avanga mela attraction vabthucho apo irunthu nadakura ellam Sari illa .
Na vera department avanga vera department after i have feeling for her we both moved to same floor athu varaikum vera vera floor ipo we are same floor and even in lunch break we moved to table right infront of her . Plan panni la move pannala one day place illama anga sit pannnom patha opposite la antha ponnu so ipo everyday we sit on opposite tables 

Apram same floor nu sonnana they moved my table .yes avanga irukura place Pakkam tha I was opposite to her table ithuvum coincidence ahh enna nu Theriyala so ipdi tha ellama nadakuthu .

Itha highlight ahh This week Monday na oru blue checked shirt pottan she wear blue chudi and Tuesday I wear pink and white checked shirt she wear pink and white mixed chudi and Wednesday I wear black shirt with white dots shirt she wears also same black and white mixed chudi sariya Thursday I wear green shirt and she wear green chudi .na shocked and happy too enaku ithu epdi nu theriyala sari friday causal day ipo papom apdinu na oru black and white floral printed oru shirt and black pants pottan antha ponnum black and white mixed oru chudi (but antha type enna dress Theriyala) black pants .we matching dress this whole week . I'm literally shocked enaku enna nadakuthu nu puriyala.avangalum notice panaga nu neniakura Friday feels like avanga enna pakkkura mathri apro siripa control pannitu ponga when she see me nanum avangalum same dress.
Friday vera patha nanga mattum tha black and white la solli vacha mathri dress pottu irunthom lunch break la kuda nanum avangalum munna pinna nadakura mathri situation enaku oru mathri awkward ahh Iruku na plates wash panna pona she was washing her plates antha ponnu pakkathula mattum tha wash panna basin irunthuchu na pakkathula vera ninu wash pannum pothu Aiyoo ena solla mudiyala full awkward rendum perum same dress la 😅

Ithula enna highlight na ithu vara antha ponnu ta na pesunathu illa . Apram na weekend la enga ooruku varuven pakam tha so weekdays mattum job place la irupen so na vachu iruntha dress ahh antha five set tha so atha enaku Puriyala I have only five sets of dress this week and we matching the set everyday in week 

So sollunga frds ithu epdi enna nu enaku Puriyala intha universe enna plan pannuthu nu . anyway I was happy this whole week .next ethavathu nadantha i update

Apram what do you call this number sollunga ..nandri ✨🤝","இன எனக்கு எண் அலுவலகத்தில் பரு க்ரஷ் இருக்கிறது, ை வீ மூத்தவர் ஒன்று நினைக்கிறேன் எஃகு வீ மத ஈர்ப்பு வதுசோ அப்பா பருந்து உறை எல்ம் கறி நல்ல இன வெறி துறை வீ வெறி மான் பெற்ற துறை ஈளிங் அவளுக்காக நாங்கள் போங் அபே நிலைக்கு நகர்த்தப்பட்டது ளூற் அணு வறைகும் வெறி வெறி ளூற் ipo நாண் அபே தார் ளூற் மற்றும் எவென் மதிய உணவு இடைவேளையில் நாங்கள் அவளுக்கு எதிர் உள் மேசைக்கு சென்றோம் ப்ளஷ் பன்னி லே நகர்த்த பண்ணை பரு நாள் இடம் ை ஊக உட்காருங்கள் பன்ன்னோம் பச ஓப்போசிடெ லே அன்த போன்னு ipo தினமும் நாங்கள் உட்காருகிறோம் ஓப்போசிடெ அட்டவணைகள் அப்ரம் அபே ளூற் டு சோண்ணன தாய் எண் மேசையை நகர்த்தினேன் ஆண் வீ இறுகுற இடம் பக்கம் தீ மான் இருந்தேன் ஓப்போசிடெ அவள் மேசைக்கு இதுவும் தற்செயல் ஆக டு தெறியள இண்டி தீ எல்லை னஉது இன கைலைட் ஆக இரு லக் திங்கட்கிழமை இன ஓடு தீ நிறை பார்த்த சட்டை போட்டன் அவள் நீலம் அணிந்திருந்தாள் சுஷி செவ்வாய் கிழமை மான் இளஞ்சிவப்பு மற்றும் வெள்ளை நிறை பார்த்த சட்டையை அணிகிறேன், அவள் இளஞ்சிவப்பு மற்றும் வெள்ளை கடந்த அணிந்திருப்பாள் சுஷி மற்றும் புதன் கிழமை மான் கருப்பு சட்டை அணிந்தேன் வெள்ளை புள்ளிகள் சட்டை அவள் அபே கருப்பு மற்றும் வெள்ளை கடந்த அணிந்துள்ளார் சுஷி வறிய துற்ச்அய் மான் அணிகிறேன் பீன் சட்டை மற்றும் அவள் அணிந்திருந்தாள் பீன் சுஷி இன அதிர்ச்சியும் மகிழ்ச்சியும் கூ எஃகு இரு எப்டி டு தெறியள கறி வெள்ளிக்கிழமை அஉசள் நாள் ipo பாப்போம் அப்டினு இன ஓடு கருப்பு மற்றும் வெள்ளை மலர் அச்சிடப்பட்டது ஓடு சட்டை மற்றும் கருப்பு பேன்ட் போட்டன் அன்த போன்னும் கருப்பு மற்றும் வெள்ளை கலந்தது ஓடு சுஷி அன்த வகை ஆடை தெறியள கருப்பு பேன்ட் இந்த முழு உடைக்கு பொருந்தும் லக் மான் உண்மையில் அதிர்ச்சியடைந்தேன் எஃகு னஉது டு புறியள அவஙளும் அறிவிப்பு பனை டு னெனிஉற வெள்ளிக்கிழமை ஈள்ச் போன்ற வீ பக்க்குற மத்தி apro சிறிய கட்டுப்பாடு பன்னிடு போ அவள் ை பார்க்கும் போடு னனும் அவஙளும் அபே ஆடை வெள்ளிக்கிழமை வெறி பச ஊக ஒட்டும் தீ கருப்பு மற்றும் வெள்ளை லே சோள்ளி பச மத்தி ஆடை பட்டு இறுன்தோம் மதிய உணவு இடைவேளை லே குத னனும் அவஙளும் முண்ண பிண்ண உறை மத்தி நிலைமை எஃகு ஓடு மத்தி அருவருப்பான ஆக இறகு இன தட்டுகள் கழுவும் பண்ணை போ அவள் தட்டுகளைக் கழுவிக் கொண்டிருந்தாள் அன்த போன்னு பக்கதுள ஒட்டும் தீ கழுகு பண்ணை பேசின் இறுன்துசு இன பக்கதுள வெறி னினு கழுகு பன்னும் போடு அஇயூ இன சோல்ல முடியள உள்ள் அருவருப்பான ரெண்டம் வெறும் அபே ஆடை லே இதுள முன்னிலைப்படுத்த இன இரு வீ அன்த போன்னு டை இன பெசுனது நல்ல அப்ரம் இன ஈகென் லே ஊக ஊறுகு வறுவென் பம் தீ ஈக்அய்ச் ஒட்டும் வேலை இடம் லே இறுபென் இன வடு இறுன்த ஆடை ஆக அன்த ஐந்து தொகுப்பு தீ மத எஃகு புறியள ிடம் ஐந்து மெட் ஆடைகள் மட்டுமே உள்ளன லக் மற்றும் நாண் ஒவ்வொரு நாளும் தொகுப்பு பொருத்துகிறோம் லக் சோள்ளுங frds இரு எப்டி டு எஃகு புறியள இன்த பிரபஞ்சம் ப்ளஷ் பன்னுது டு எப்படியிருந்தாலும் மான் மகிழ்ச்சியான இருந்தேன் லக் அடுத்தது எதவது னஅன்த மான் புதுப்பிக்கிறேன் அப்ரம் செய்வது ரோ கால் இந்த எண் சோள்ளுங பன்றி",5.149,4.423,5.146,Situational,33
Enna nadakuthu inga,னஉது இங்கே,5.025,4.12,4.92,Situational,1
Hey guys na reddit ku puthusu ...ithula 18 plus a ethum irukathu na tha ithukku vanthe ana ithulayum irukku. Nane porn quit panna tha inga vanthe ingayum ippadi irukku ..itha vara ma irukka ethavathu vali irukka,கால் தோழர்களே இன reddit கே புதுசு இதுள பிச் ஊக எழும் இறுகது இன தீ இறுக்கு வன்தெ இன இதுளயும் இறுக்கு நானா ஆபாசத்தை விட்டுவிட்டேன் பண்ணை தீ இங்கே வன்தெ இங்காயும் இப்படி இறுக்கு இன வீ மத இறக்க எதவது வள இறக்க,4.702,4.803,4.985,Situational,2
What is yours opinion,உங்கள் கருத்து,5.43,4.625,5.21,Situational,1
"Bro na semmay love pannitu iruntha 2 years a sudden avoloda ex avala one time nerla pathu pesuna .apo la irunthu enna othikitta. .ava enn avoid pandra na en Jetta onnum illa nu solra na sanda potta ava ex thittuna ethukku thittura unnaku rights illa nu solra .rompa sanda agi av ""na unna love pannala unna vida en ex tha rompa panna ""nu solra enaku ava kuda poga viruppam illa unkuda pesavum viruppam illa sollita na mentally rompa affect agi irukke ",சகோ இன சேம்மய் அம்பு பன்னிடு இறுன்த ஆண்டுகள் ஊக சுடென் அவோளோஅ ex வள பரு முறை னெற்ள பத்து பெசுன அப்பா லே பருந்து ஓதிகிட்ட ஊக ் தவிர்க்க பன் இன எண் கெட்ட ஓன்னும் நல்ல டு சோள்ற இன சன்ட போட் ஊக ex திட்டுன எதுக்கு திட்டுற unnaku உரிமைகள் நல்ல டு சோள்ற றோம்ப சன்ட அழி av இன உன்ன காதல் பண்ணை உன்ன வீ எண் ex தீ றோம்ப பண்ணை டு சோள்ற எஃகு ஊக குத போ விருப்பம் நல்ல உன்குடா பெறவும் விருப்பம் நல்ல சோள்ளிட இன மனரீதியாக றோம்ப பாதிக்கும் அழி இறுக்கு,4.867,4.378,5.082,Situational,5
Idhuku peru cheating dhaana?,இதுகு பெரு ஏமாற்றுதல் வான,4.83,4.83,4.86,Situational,1
"So there is this guy I have been seeing for the past 2 months. Seekramae close aagitom. Naan konjam avan mela addict aagiten.. koodave irupen mayiru irupenu promise laam panan ( 🤡 naanum nambunen) last week konjam en kitta sariya pesala few days ah.. call panapa.. oru work la iruken apram panrenu sollitu.. late night voice msg anupuran naan movie poitenu.. vanduchu kovam.. oru 4.. 5 paragraphs potu naan ketadhu.. enaku unnoda love and care tharadhula enna prachana.. coz avan dhaan avan kitta daily pesuradha enaku habbit aakunadhe 😢

Andha paragraphs konjam harsh ah dhaan irunduchu.. aana avana thita laam illa naan.. avan apram padichutu reply panrenu msg potan.. evening varaikum wait panen.. enaku romba hurt aaga aarmchuruchu so aludhute oru voice msg poten.. avan ketana therla but night again vera oru movie pona video va share panan.. fk you symbol potu react pannitu.. kanda meniku thititu block panitan.. but enala thooki poda mudiyala apadi.. call pani pesi clear pananum nu nenachen.. mrng la irundhu 7 calls poten.. evening eduthu oru schedule so out of chennai vantenu sonan.. mon call panrenu sonan.. sari nu vituten 

Appodhaan enaku doubt vanduchu... next day tinder install pannen fake profile create panen... i met him in tinder so avan profile la potrundha filter vachu thedunen.. maatikitan.. active la irundhan.. match panen.. flirt laam panala but ketadhuku looking for long term partnernu sonan.. appo yosichen.. appo naan yaaru soker ahh da nu.. chat panite call panen.. busy ah iruka maadri scene ah potan.. appo ava kitta pesa mattum time irukanu keten.. avan adha justify panan 😭 naan enna pesa dhaana senjenu.. naan panadhu avanuku pudikalayam adhaan space venum nu ippo solraan.. idhalam avan clear ah communicate panirundha ivalo naan aludhu yosichu sethuruka maaten.. mon call panuvana? Enaku move on aagavum mudiyala misunderstanding ah clear panama... naan romba genuine ah irundhen so enaku vittu poga thona maatangudhu.. 🤡 idhu cheating dhaana because avan enaku commitment kuduthutu ippadi panalama?",மான் இருந்த இந்த பையன் இருக்கிறான் சீஇங் கடந்த காலத்திற்கு மோன்த்ச் சீக்ரமே நெருக்கமான ஆகிடோம் மான் கோபம் அயன் மத அடிமை ஆகிடென் கூஅவெ இறுபென் கயிறு இறுபெனு வாக்குறுதி பாம் பன் னானும் னம்புனென் டைசி லக் கோபம் எண் கிட் வறிய பெசள சிலோ நாட்கள் ஆக கால் பனை ஓடு வேலை லே இறுகென் அப்ரம் பன்றெனு சோள்ளிடு இரவு சேர குரல் செய்தி அனுபுறன் மான் திரைப்படம் போஇடெனு வன்டுசு கோவ் ஓடு உத்திகள் போடு மான் கெடு எஃகு உன்னோட அன்பும் அக்கறையும் தறதுள ப்ரசன coz அயன் தார் அயன் கிட் தின பெசுறக எஃகு பழக்கம் ஆகுனதெ அன்க உத்திகள் கோபம் கடுமையான ஆக தார் இருந்துச்சு இன இன தீ பாம் நல்ல மான் அயன் அப்ரம் படிச்சுடு பதில் பன்றெனு செய்தி போட் மாலை வறைகும் அஇட் பனென் எஃகு றோம்ப காயப்படுத்தியது ஆக ஆற்ம்சுறுசு அளுதுடெ ஓடு குரல் செய்தி போடென் அயன் கெடு தெற்ள but night அகைன் வெறி ஓடு திரைப்படம் போ வீடியோ வீ பங்கு பன் fk ரோ சின்னம் போடு எதிர்வினை பன்னிடு கண் மெனிகு திடிடு தொகுதி பனியன் இன தூசி போ முடியள அடி கால் பனி பசி தெளிவானது பனனும் டு னெனசென் ம்ற்ங் லே இறுன்து கால்ச் போடென் மாலை எழுத்து ஓடு schedule so out of சென்னை வன்டெனு சோனன் திங்கள் கால் பன்றெனு சோனன் கறி டு விடுடென் தான் எஃகு சந்தேகம் வன்டுசு அடுத்த நாள் சிண்டர் இன்ச்டாள்ள் பன்னென் போலி சுயவிவரத்தை உருவாக்குதல் பனென் மான் அரை அப்படித்தான் சந்தித்தேன் அயன் சுயவிவரம் லே போட்றுன்க வடிகட்டி வடு thedunen மாடிகிடன் செயலில் லே இறுன்கன் பொருத்தம் பனென் ஊர்சுற்றி பாம் பனை கெடதுகு ளூகிங் க்கான போங் கால பார்ட்னர்னு சோனன் அப்பா யோசிசென் அப்பா மான் சாறு soker ஆக டை டு அரட்டை panite கால் பனென் பசி ஆக இரு மாடி காட்சி ஆக போட் அப்பா ஊக கிட் பச ஒட்டும் நேரம் இறுகண்உ கெடென் அயன் ஊக நியாயப்படுத்த பன் மான் பச வான சேஞ்எனு மான் பொது அவனுகு புடிகலயம் விண்வெளி வெறும் டு சோள்றான் இளம் அயன் தெளிவான ஆக தொடர்பு பனிறுன்க இவாலோ மான் அளுது யோசிசு சேதுறுக மாடென் திங்கள் கால் பனுவன எஃகு நகர்த்தவும் ஆஅவும் முடியள தவறான புரிதல் தெளிவாக உள்ளது பனை மான் றோம்ப உண்மையான ஆக இறுன்தென் எஃகு வட்டு போ இன மாடஙுது இரு ஏமாற்றுதல் வான பெஅஉசே அயன் எஃகு அர்ப்பணிப்பு குடுதுடு இப்படி பனளம,5.147,4.387,5.205,Situational,20
I am porn addict pls help,மான் ஆபாசத்திற்கு அடிமையானவர் தீவு செய்தி உதவுங்கள்,5.16,4.212,4.618,Situational,1
Yeh frds I am porn addict ennaku theriyuthu na rompa masturbation pandra daily 1 time avathu pannire .happy sad angry entha mood a irunthalum pannire .I can't control myself ithu rompa enna affect pannuthu ipo daily panni sperms la 10 sec la varuthu ennku future nenachi payama irukku frds ..I want increase my timing and quit masturbation addict help frds ,"ஆமாம் frds மான் ஆபாச அடிமை எண்ணகு தெறியுது இன றோம்ப சுயஇன்பம் பன் தின நேரம் அவது பன்னிறெ மகிழ்ச்சி சோகம் அங்ற்ய் என்த மூ ஊக இறுன்தளும் பன்னிறெ ைக் கட்டுப்படுத்தி முடியாது இரு றோம்ப பாதிக்கும் பன்னுது ipo தின பன்னி விந்தணுக்கள் லே நொடி லே வறுது ்கு எதிர்காலம் னெனசி பயம் இறுக்கு நண்பர்களே, எனது நேரத்தை அதிகரிக்கவும் சுயஇன்ப பழக்கத்தை கைவிடவும் விரும்புகிறேன் நண்பர்களுக்கு உதவுங்கள்",5.061,4.817,5.111,Situational,7
Is it normal to like being alone and talking to myself?,தனிமையில் இருப்பதும் நானா பேசுவதும் சாதாரணமான,4.55,4.204,4.762,Situational,1
"Sometimes naan thaniya iruka time la pesuven… like casual ah self-talk mathiri. Loud ah illa, just thoughts ah sollitu irupen. Enaku normal ah thonuthu but konjam doubt — idhu ellarukum nadakuma?

Neenga um self-talk panreengala? Illa idhu over ah thonutha?

Or green dress vanganum ah !",சிலோ சமம் மான் தனி இரு நேரம் லே பெசுவென் சாதாரண ஆக சுய பேச்சு போ மதிறி சுத்தமாக ஆக நல்ல வெறும் தோஉக்ட்ச் ஆக சோள்ளிடு இறுபென் எஃகு சாதாரண ஆக தோனுது கோபம் சந்தேகம் இரு எல்லறுகும் தசம நீங்க ஓம் சுய பேச்சு பன்றீஙள நல்ல இரு ஊக ஓவர் ஆக தோனுத நல்லது பீன் ஆடை வஙனும்,5.387,4.142,5.42,Situational,3
Fear of marriage 🫠,திருமண பயம்,5.305,5.16,4.515,Situational,1
"Hello guys 

Iam 23, I never been in a relationship ,not even spoke to any girls in school or college .I feel but anxious and unde confidence when speaking to girls but once I get familiar ,I can speak easily.

But ippo konjam bayama Iruku.
Love marriage pannra nambikai illa.
Also arrange marriage pannavum bayama Iruku.

Na neeya naana, thamizha thamizha lam paapen.
Adhuku aprom dha innum bayama Iruku.
Each women are different type .
 
Negative traits like 
Self centric, selfish, over spending , careless ,degrading other , not valuing my efforts ,mutual respect.

Edhulam Iruka koodadhu nu expect pandren , yeah even if I have something and she identify .I will change myself .
I need atleast a mindset to change her.

I don't want to get into toxic life and ruin my entire life.


Has anyone faced kind of similar thing in your life .
Please comment your opinion .
Am I overthinking or self-conscious ?",கெள்ளோ தோழர்களே இடம் மான் உறவில் இருந்ததில்லை எவென் எந்தப் பெண்களிடமும் பேசினார் ச்கூல் நல்லது ஓள்ளெகெ ஊக எள் பெண்களிடம் பேசும் போடு ஆர்வத்துடனும் நம்பிக்கையுடனும் இருப்பேன் ால் எளிதான பச முடியும் கோபம் பயம் இறகு காதல் திருமணம் பன்ன்ற னம்பிகை நல்ல ஏஆர்ஆர்அஙெ திருமணம் பண்ணவும் பயம் இறகு இன தீய வான தமிழ தமிழ ஓம் பாபென் அதுகு ஏப்ரல் ஊக இன்னும் பயம் இறகு ஒவ்வொன்றும் ஓம்என் வெவ்வேறு வகையான எதிர்மறையானவை ட்ரஇட்ச் கவனக்குறைவாக இழிவுபடுத்துவதைச் செலவழிக்கும் சுயநலம் போன்றது ஓதெற் எண் முயற்சிகளுக்கு மதிப்பளிக்கவில்லை பரஸ்பர மரியாதை எதுலாம் இரு கூஅது டு எதிர்பார்க்கலாம் பன்றென் ஆண் எவென் ிடம் ஏதாவது இருந்தால் அவள் அடையாளம் கண்டுகொள்வேன் சூ எனக்கே குறைந்தபட்சம் பரு மனநிலை வேண்டும் சூ நச்சு வாழ்க்கைக்குள் நுழைந்து எண் முழு வாழ்க்கையையும் அழிக்க மான் விரும்பவில்லை உங்கள் வாழ்க்கையில் யாராவது இதுபோன்ற விசயத்தை சந்தித்தார்களா? ஓம்மென்ட் உங்கள் கருத்து மான் அதிகமாக சிந்திக்கிறேனா நல்லது சுயநினைவுடன் இருக்கிறேனா,5.206,4.577,5.205,Situational,10
