"original_text","cleaned_tamil","valence","arousal","dominance","utterance_count","depression_type"
"Naan happy-a irukka try pannadha vittutu","மான் மகிழ்ச்சி ஊக இறக்க முயற்சி பண்ணை விட்டுடு",5.193,4.474,5.436,1,"Situational"
"Naan oru naal oru naal-a vaazhndhen. Future-la edhuvum aspire pannadha niruthitten. Life goals-a drop pannitu","மான் ஓடு வாள் ஓடு வாள் ஊக வாழ்ன்தென் எதிர்காலம் லே edhuvum ஆசை பண்ணை னிறுதிட்டென் வாழ்க்கை இலக்கு பரு துளி பன்னிடு",5.359,4.366,5.428,1,"Situational"
"En situation depressed-a irundhuchu","எண் நிலைமை மனச்சோர்வு ஊக இறுன்துசு",4.634,3.882,4.706,1,"Situational"
"Financially stable aaguradhu.","நிதி நிலையில் நிலையானது ஆகுறது",5.0,4.888,4.955,1,"Situational"
"Phone-a completely off pannitu","தொலைபேசி முற்றிலும் முடக்கப்பட்டுள்ளது பன்னிடு",5.178,4.825,5.435,1,"Situational"
"Depression-a never fully defeat pannidalaam-nu accept pannadhu. Idhu contradictory maari irukkum","மனச்சோர்வு ஒருபோதும் முழுமையான தோல்வியடையாது பன்னிஅளாம் டு ஏற்றுக்கொள் பண்ணது இரு முரண்பாடான மாடி அறுக்கும்",5.017,4.17,5.019,1,"Situational"
"Welp naan romba long reply type panninen","வெல்ட் மான் றோம்ப போங் பதில் வகை பன்னினென்",5.144,4.007,5.436,1,"Situational"
"Shape-la varadhu","வடிவம் லே வலது",5.64,3.64,5.907,1,"Situational"
"Decent people-a find pannu.","கண்ணியமான மக்கள் பரு கண்டுபிடிப்பு பன்னி",5.418,4.192,5.446,1,"Situational"
"Action edukkuradhu","அதிரடி எடுக்குறது",5.0,5.0,5.0,1,"Situational"
"Depression-a defeat pannala","மனச்சோர்வு பரு தோல்வி பண்ணை",4.067,3.965,4.547,1,"Situational"
"Transcranial magnetic stimulation (TMS) therapy.","டிரான்ச்க்ரானியல் காந்த தூண்டுதல் டிஎம்எச் தெறப்ய்",5.204,4.88,5.022,1,"Situational"
"Various things helped me overcome my depression that lasted several years","பச ஆண்டுகள் நீடித்த எனது மனச்சோர்வைச் சமாளிக்க பல்வேறு விசயங்கள் எனக்கு உதவியது",5.174,4.642,5.065,1,"Situational"
"Nee force pannikitte things pannanum.","தீ விசயங்களை வற்புறுத்தி பண்ணிகிட்டே பண்ணனும்",4.864,5.21,4.914,1,"Situational"
"Adequate sleep","போதுமானது ச்ளீப்",4.85,4.32,5.945,1,"Situational"
"Several things: Medication","பச விசயங்கள் மருந்து",5.043,4.6,5.667,1,"Situational"
"Abusive husband-a vittu","தவறான கணவர் ஊக வட்டு",5.282,3.86,4.955,1,"Situational"
"Talking pathi","பேசுவது பசி",4.1,4.9,4.09,1,"Melancholic"
"Escitalopram.","Escitalopram",5.0,5.0,5.0,1,"Situational"
"Depression-a really defeat pannidalaam-nu sure illa","மனச்சோர்வு உண்மையில் தோல்வி பன்னிஅளாம் டு நிச்சயமாக நல்ல",4.834,4.24,5.027,1,"Situational"
"SOBRIETY. Thousand times. Alcohol illa","நிதானம் தோஉசன் முறை மது நல்ல",5.314,3.964,5.774,1,"Situational"
"Bad relationships-la illadha irukkuradhu.","மோசமான உறவுகள் லே ை இறுக்குறது",4.903,4.76,4.98,2,"Situational"
"Five times depression-oda battle panninen. Exercise pannuradhu","ஐந்து மடக்கு மனச்சோர்வு ஊக அட்ட்ளெ பன்னினென் உடற்பயிற்சி பன்னுறது",5.032,4.415,5.211,1,"Stable/Neutral"
"Ketamine infusions.","கெட்டமைன் உட்செலுத்துதல்",5.0,5.0,5.0,1,"Situational"
"Not recommending","பரிந்துரைக்கவில்லை",5.0,5.0,5.0,1,"Situational"
"Extremely long walks... 10k-lendhu start panninen","மிகவும் போங் 10k நடக்கிறார் ளென்து தொடங்கு பன்னினென்",5.1,4.557,5.239,1,"Stable/Neutral"
"Depression and substance abuse tightly linked-a irundhuchu. Getting sober most important. Weed","மனச்சோர்வு மற்றும் போதைப்பொருள் துஷ்பிரயோகம் ஆகியவை இறுக்கமான இணைக்கப்பட்டுள்ளன இறுன்துசு நிதானம் பெறுவது ஊக முக்கியமான களை",4.718,4.734,4.772,1,"Situational"
"Money lol. Money can’t buy happiness-nu solluravanga 40 years destitute-a irundhu","பணம் lol பணத்தால் மகிழ்ச்சியை வாங்க முடியாது டு சோள்ளுறவங ஆண்டுகள் ஆதரவற்ற ஊக இறுன்து",4.94,4.878,5.16,1,"Situational"
"Anti depressants start panninen. Depression-a defeat pannala","ஆண்டிடிரசன் மருந்துகள் தொடங்குகின்றன பன்னினென் மனச்சோர்வு பரு தோல்வி பண்ணை",4.391,4.58,4.689,1,"Situational"
"Depression defeated-a","மனச்சோர்வு தோற்கடித்தது ஊக",4.28,4.2,4.59,1,"Situational"
"Time and en loss-oda coming to grips.","நேரம் மற்றும் எண் இழப்பு ஊக பிடியில் வரம்",4.664,3.846,5.191,1,"Situational"
"Hormonal birth control pills-lendhu get off pannuradhu.","ஹார்மோன் பிற்த் கட்டுப்பாடு பிள்ள்ச் ளென்து இறங்கு பன்னுறது",4.79,4.66,4.744,1,"Situational"
"Better sleep","பெட்டெற் ச்ளீப்",5.0,5.0,5.0,1,"Situational"
"Psychedelic mushrooms. Seriously.","மனநோய் முச்றூம்ச் தீவிரமான",3.957,4.93,4.807,1,"Melancholic"
"Ketamine and Wellbutrin. Indha drugs-kku munnadi","கெட்டமைன் மற்றும் வெல்புட்ரின் இன்க மருந்துகள் நக்கு முண்ணடி",5.034,5.283,5.041,1,"Situational"
"Cognitive behavioral therapy","அறிவாற்றல் நடத்தை தெறப்ய்",5.107,4.3,5.1,1,"Situational"
"TMS - Transcranial Magnetic Stimulation. Life saver. 2 sets of 36 treatments panninen. Commitment","டிஎம்எச் டிரான்ச்க்ரானியல் மேக்னடிக் ச்டிமுலேசன் லைவ் சேர் சிகிச்சைகள் பன்னினென் அர்ப்பணிப்பு",5.407,4.9,5.416,1,"Situational"
"Good paying job pannuradhu.","நல்ல சம்பளம் தரம் வேலை பன்னுறது",5.618,4.246,5.626,1,"Situational"
"Long walk outside daily pannuradhu really helped.","போங் தினமும் வெளியே நடக்க பன்னுறது உண்மையில் உதவியது",5.004,4.461,5.543,1,"Situational"
"Depression-a defeat pannala","மனச்சோர்வு பரு தோல்வி பண்ணை",4.067,3.965,4.547,1,"Situational"
"Depression-a defeat pannadhu-nu sollala","மனச்சோர்வு பரு தோல்வி பண்ணது டு சோல்லள",4.092,4.452,4.493,1,"Situational"
"Balanced diet","சமச்சீர் உணவு",6.16,4.02,6.765,1,"Situational"
"Don’t judge me","ை நியாயந்தீர்க்காதே",5.0,5.0,5.0,1,"Situational"
"Psychedelics","மனநோய்கள்",5.0,5.0,5.0,1,"Situational"
"Depressed-a irukka vittutu","மனச்சோர்வடைந்த ஊக இறக்க விட்டுடு",3.942,5.093,4.522,1,"Melancholic"
"En entire life long depression-a transform panninen","எண் முழு வாழ்க்கை போங் மன அழுத்தம் பரு மாற்றம் பன்னினென்",4.748,4.294,5.149,1,"Situational"
"Depression-a defeat pannala","மனச்சோர்வு பரு தோல்வி பண்ணை",4.067,3.965,4.547,1,"Situational"
"Three decades depression-oda fight panninen","த்றீ பச தசாப்தங்களாக மனச்சோர்வு ஊக சண்டை பன்னினென்",4.703,4.414,4.74,1,"Situational"
"Antidepressants and CBT.","ஆண்டிடிரசண்ட்ச் மற்றும் CBT",5.0,5.0,5.0,1,"Situational"
"Ketamine. Ketamine clinic-la severe depression-kku.","கெட்டமைன் கெட்டமைன் கிளினிக் லே கடுமையான மன அழுத்தம் நக்கு",5.069,4.623,5.093,1,"Stable/Neutral"
"Shrooms. Micro dosing. Not for everyone","ச்றூம்ச் மைக்ரோ டோசிங் அனைவருக்கும்",5.125,4.62,4.84,1,"Situational"
"DBT tremendously help pannidhu. Prescriptions-lendhu get off pannuradhu. Day to day routine change pannuradhu. Harm pannura things let go pannuradhu.","DBT பெரிதும் உதவுகிறது பன்னிது மருந்துச்சீட்டுகள் ளென்து இறங்கு பன்னுறது நாளுக்கு நாள் வழக்கம் சூ பன்னுறது தீங்கு பன்னுற விசயங்கள் போகட்டும் பன்னுறது",4.797,4.842,5.003,1,"Situational"
"Alcohol cut pannuradhu.","மது வெட்டு பன்னுறது",4.663,4.387,5.223,1,"Situational"
"Ketamine and therapy. IV ketamine clinic-la panninen","கெட்டமைன் மற்றும் தெறப்ய் IV கெட்டமைன் கிளினிக் லே பன்னினென்",5.141,4.581,5.105,1,"Stable/Neutral"
"Medication.","மருந்து",3.65,4.56,6.21,1,"Situational"
"Depression-a beat pannala-nu sure illa. Learn to live with it","மனச்சோர்வு பரு துடிப்பு பண்ணை டு நிச்சயமாக நல்ல அதனுடன் வாழ கற்றுக்கொள்ளுங்கள்",5.23,4.141,5.257,1,"Situational"
"Jesus-oda reconnect pannuradhu.","இயேசு ஊக மீண்டும் இணைக்கவும் பன்னுறது",5.144,3.846,5.23,1,"Situational"
"Do something. 3 years sleeping","வருடங்கள் ஏதாவது செய்யுங்கள் ச்ளீபிங்",5.0,5.0,5.0,1,"Situational"
"Depression-a truly defeat pannala","மனச்சோர்வு பரு உண்மையான தோல்வி பண்ணை",4.676,4.026,5.138,1,"Situational"
"Neurodivergent burnout-nu realize pannuradhu","நியூரோடைவர்சென்ட் எரிதல் டு உணருங்கள் பன்னுறது",5.062,4.666,5.17,1,"Situational"
"Good advice irukkuravangaloda reply pannuren","நல்ல அறிவுரை இறுக்குறவஙளோஅ பதில் பன்னுறென்",5.142,4.39,5.31,1,"Situational"
"Microdosing.","மைக்ரோடோசிங்",5.0,5.0,5.0,1,"Situational"
"Depression-a defeat pannala","மனச்சோர்வு பரு தோல்வி பண்ணை",4.067,3.965,4.547,1,"Situational"
"Hide pannuradhu","மறை பன்னுறது",4.95,4.26,4.925,1,"Situational"
"Success at something you really enjoy & repeatable.","ஏதாவது ஒன்றில் வெற்றி ரோ உண்மையில் எஞோய் மீண்டும் மீண்டும் செய்யக்கூடியது",5.521,4.464,5.612,1,"Situational"
"Positive-a stay pannuradhu","நேர்மறை ஏங்குதல் பன்னுறது",6.173,4.743,5.813,1,"Situational"
"Really bad place-la irundhen","உண்மையில் மோசமான இடம் லே இறுன்தென்",4.958,4.548,5.184,1,"Stable/Neutral"
"Daughter-a one and half years ago lose panninen","டௌக்டெற் ஒன்றரை வருடங்களுக்கு முன்பு பரு தோல்வி பன்னினென்",4.473,4.811,4.736,1,"Melancholic"
"God-kku en life-a koduthen. Crazy experience","கடவுள் நக்கு எண் வாழ்க்கை ஊக கோடுதென் பைத்தியக்கார அனுபவம்",5.428,4.741,5.291,1,"Situational"
"God-oda closer aaguradhu.","கடவுள் ஊக நெருக்கமான ஆகுறது",5.555,5.013,5.275,1,"Situational"
"Magic mushroom.","மந்திரம் முச்றூம்",4.66,4.145,5.1,1,"Situational"
"Healthy diet","கெஅள்த்ய் உணவுமுறை",5.0,5.0,5.0,1,"Situational"
"Medication.","மருந்து",3.65,4.56,6.21,1,"Situational"
"Medication and Behavioral Therapy.","மருந்து மற்றும் நடத்தை தெறப்ய்",4.742,4.365,5.377,1,"Situational"
"Meditation. Some people bunk-nu think pannuranga","தியானம் சில் குமுறுகிறார்கள் டு நினைக்கிறார்கள் பன்னுறங",4.873,4.477,5.0,1,"Situational"
"No contact with shitty family for 5 years","உடன் தொடர்பு ை சிட்ட்ய் பச ஆண்டுகளாக குடும்பம்",5.646,4.409,5.349,2,"Situational"
"Depression-a “defeat” pannala","மனச்சோர்வு பரு தோல்வி பண்ணை",4.067,3.965,4.547,1,"Situational"
"Ketamine IV therapy","கெட்டமைன் IV தெறப்ய்",5.0,5.0,5.0,1,"Situational"
"Supplements start panninen. Ashwaghanda","சப்ளிமெண்ட்ச் தொடங்கவும் பன்னினென் அச்வகந்தா",5.08,4.702,5.237,1,"Situational"
"ADHD meds. Everyone maari think pannuradhu","லக் அனைவருக்கும் மருந்து மாடி நினைக்கிறார்கள் பன்னுறது",4.865,4.405,5.21,1,"Situational"
"Magnesium supplements and exercise.","மனெசிஉம் கூடுதல் மற்றும் உடற்பயிற்சி",5.71,4.555,5.67,1,"Situational"
"Drugs quit pannuradhu","போதைப்பொருட்கள் கைவிடப்பட்டன பன்னுறது",5.0,5.0,5.0,1,"Situational"
"Psychiatrist pona","மனநல மருத்துவர் போ",5.743,4.51,5.33,1,"Situational"
"Depression defeat pannida mudiyuma? Good days","மனச்சோர்வு தோல்வி பன்னி முடியும் நல்ல நாட்கள்",5.235,4.05,5.123,1,"Situational"
"Toxic relationship-lendhu veliya vandhu","நச்சு உறவு ளென்து வெளியே வந்து",4.998,4.77,5.746,1,"Situational"
"Medication and years of Therapy.","மருந்து மற்றும் ஆண்டுகள் தெறப்ய்",4.662,4.89,5.303,1,"Situational"
"Tibetan book of Living and Dying.","டிபெடன் பக் லிவிங் ரண்ட் டையிங்",5.134,4.574,4.98,1,"Situational"
"Environment-a better-a change pannuradhu. Toxic people","சுற்றுச்சூழல் ஊக பெட்டெற் ஊக சூ பன்னுறது நச்சுத்தன்மையுள்ள மக்கள்",4.574,4.86,5.134,1,"Situational"
"Alcohol and Spotify.","ஆல்கஹால் மற்றும் Spotify",4.703,5.057,4.667,1,"Situational"
"Church poga aarambichen.","தேவாலயம் போ ஆறம்பிசென்",5.51,4.497,5.123,1,"Situational"
"Depression-a beat pannala","மனச்சோர்வு பரு துடிப்பு பண்ணை",4.612,3.982,4.725,1,"Situational"
"Social outlet","சமூக விற்பனை நிலையம்",5.937,4.737,5.313,1,"Situational"
"Drinking quit panninen (one year and change)","குடிப்பதை நிறுத்துங்கள் பன்னினென் பரு வருடம் மற்றும் சூ",3.999,4.789,4.861,1,"Melancholic"
"Progress pannu","முன்னேற்றம் பன்னி",6.94,3.84,6.165,1,"Situational"
"Diet and exercise prescription vida powerful. Authentic","உணவு மற்றும் உடற்பயிற்சி மருந்து வீ சக்தி சாய்ந்த அஉதென்டி",5.455,4.577,5.981,1,"Situational"
"Find someone cute and codependent","அழகான மற்றும் இணை சாய்ந்த ஒருவரைக் கண்டறியவும்",5.222,4.45,5.582,1,"Situational"
"What you hate about yourself accept pannu","ரோ உங்களைப் பற்று வெறுப்பு ஏற்றுக்கொள் பன்னி",5.052,3.997,5.053,1,"Situational"
"Tried to hang myself","முயற்சித்தது கல் நானா",5.317,3.57,6.29,1,"Situational"
"Anti depressants.","மன பழுத்த எதிர்ப்பு மருந்துகள்",4.643,4.848,4.785,1,"Melancholic"
"Going trans. Whole life hiding who I was. Not always solution","மான் தார் என்பதை மறைத்து வாழ்நாள் முழுவதும் செல்வது எப்போதும் தீர்வாகாது",5.222,4.591,5.071,1,"Situational"
"Journaling.","சர்னலிங்",5.0,5.0,5.0,1,"Situational"
"Inpatient treatment","உள்நோயாளி சிகிச்சை",5.05,4.37,4.865,1,"Situational"
"Depression comes and goes. Healthy lifestyle maintain pannuren","மனச்சோர்வு வந்து நீங்கும் கெஅள்த்ய் வாழ்க்கை முறை மைன்டைன் பன்னுறென்",5.343,4.739,5.351,1,"Situational"
"Depression-a beat pannala","மனச்சோர்வு பரு துடிப்பு பண்ணை",4.612,3.982,4.725,1,"Situational"
"Drinking stop panninen. Early wake aagi gym pona. Never felt better in my life.","குடிப்பதை நிறுத்துங்கள் பன்னினென் அதிகாலையில் எழுந்திருத்தல் ஆக உடற்பயிற்சி குடம் போ உணர்ந்ததில்லை பெட்டெற் எண் வாழ்க்கையில்",5.268,4.533,5.334,1,"Situational"
"Everyone try pannanum what works for themselves. Antidepressants work aana great","அனைவரும் முயற்சிக்கவும் பண்ணனும் வேலை தெம்சேள்வெச் மன பழுத்த எதிர்ப்பு மருந்துகள் வேலை செய்கின்றன இன பெரிய",4.88,4.656,5.136,2,"Situational"
"ACT therapy. Just therapist paakuradhu illa","ACT தெறப்ய் வெறும் தெறபிச்ட் பாகுறது நல்ல",4.907,4.517,5.118,1,"Stable/Neutral"
"God. Never diagnosed","கடவுள் கண்டறியவில்லை",5.45,5.28,5.0,1,"Situational"
"Keto. Diet brain-a eppadi affect pannum-nu theriyala","வீட்டோ டட் பைன் ஊக எப்படி பாதிக்கும் பன்னும் டு தெறியள",4.848,4.207,4.93,1,"Situational"
"Depression-nu admit pannuradhu","மன அழுத்தம் டு ஒப்புக்கொள் பன்னுறது",4.516,4.53,4.766,1,"Situational"
"Depression-a reduce panniten","மனச்சோர்வு குறையும் பன்னிடென்",4.58,4.71,4.653,1,"Melancholic"
"Time and God preventing me from permanent thing. Puberty-nala emotionally unbalanced. Wait panninen","காலமும் கடவுளும் ை நிரந்தர விசயத்திலிருந்து தடுக்கிறது பருவமடைதல் வள உணர்ச்சி ரீதியாக சமநிலையற்றது அஇட் பன்னினென்",5.002,4.731,5.003,2,"Situational"
"Jesus. Downvoted aagum","இயேசு மறுத்துவிட்டார் ஆகும்",5.0,5.0,5.0,1,"Situational"
"Different country-ku move panninen. Situation-lendhu completely veliya vandhen. Outdoor hobbies find panninen","வெவ்வேறு நாடு கே நகர்த்த பன்னினென் சூழ்நிலை ளென்து முற்றிலும் வெளியே வன்தென் ஓஉட்டூற் பொழுதுபோக்குகள் கண்டுபிடிக்கின்றன பன்னினென்",5.111,4.736,5.219,1,"Situational"
"Outside poga.","வெளியே போ",5.81,4.45,6.11,1,"Situational"
"Meditation. Feel","தியானம் எள்",5.015,4.33,5.255,1,"Situational"
"Depression mild-a irundhuchu","லேசான மனச்சோர்வு ஊக இறுன்துசு",4.36,4.095,4.848,1,"Situational"
"Intentionally situation change panninen. Better people-oda surround panninen. Less drinking","வேண்டுமென்றே நிலைமை சூ பன்னினென் பெட்டெற் மக்கள் ஊக சுற்று பன்னினென் குடிப்பது குறைவு",4.958,4.475,5.069,1,"Stable/Neutral"
"Support biggest thing","சுப்போற்ட் மிகப்பெரிய விஷயம்",5.85,3.99,5.103,1,"Situational"
"Naan support venam-nu feel pannuren. Talk pannuradhu venam","மான் சுப்போற்ட் வானம் டு எள் பன்னுறென் பசு பன்னுறது வானம்",5.52,4.003,5.261,1,"Situational"
"yeah progresss","ஆண்டு முன்னேற்றம்",5.885,3.76,5.725,1,"Situational"
"Real wisdom idhu. Depression fix pannuradhu-nu think pannuravanga","உண்மையான ஞானம் இரு மனச்சோர்வு செய்தல் பன்னுறது டு நினைக்கிறார்கள் பன்னுறவங",5.614,4.561,5.413,2,"Situational"
"Examples kodunga?","எடுத்துக்காட்டுகள் கோடு",5.81,4.64,5.525,1,"Situational"
"Mobilis in mobili. Movement from movement","மொபிலிச் இன மோபிளி இயக்கத்திலிருந்து இயக்கம்",5.046,4.61,4.992,1,"Situational"
"First moment of happiness twinge… years struggle apparam found again… even for a moment","மகிழ்ச்சியின் முதல் தருணம் ட்விங்க் வருடங்களின் போராட்டம் அப்பாறம் கண்டுபிடிக்கப்பட்டது அகைன் எவென் பரு கணம்",4.782,4.869,4.912,1,"Situational"
"Jobs change pannuradhu","வேலைகள் சூ பன்னுறது",4.06,5.383,5.193,1,"Situational"
"Ippo indha maari pannuren: moment-la irukkuradhu","இன்க மாடி பன்னுறென் கணம் லே இறுக்குறது",5.348,4.308,5.202,1,"Situational"
"Society depression create pannuradhu-kku build pannirukku-nu think pannuren. Depressed-a irundha control pannuradhu easier","சமூக மனச்சோர்வு உருவாக்குகிறது பன்னுறது நக்கு வட்ட பன்னிறுக்கு டு நினைக்கிறார்கள் பன்னுறென் மனச்சோர்வடைந்த ஊக இறுன்க கட்டுப்பாடு பன்னுறது எளிதான",5.081,4.628,5.016,1,"Situational"
"Same experience maari irukku. Dawn slowly breaking. Bad dream end aagum-nu hope pannuren. Un path follow pannuren.","அபே அனுபவம் மாடி இறுக்கு விடியல் மெதுவாக கெட்டுப் போகிறது றெஅம் முடிவு ஆகும் டு நம்பிக்கை பன்னுறென் ஐ. நா பட் ஓள்ளோ பன்னுறென்",5.197,4.644,5.308,2,"Situational"
"First period-la naan romba thoonginen. Oru stage-la night thavira thoongura need illa-nu sonnavan quote pannuren. First vacation eduthen","முதல் காலம் லே மான் றோம்ப தூஙினென் ஓடு மேடை லே இரவு தவிர தூஙுற தேவை நல்ல டு சோண்ணவன் மேற்கோள் பன்னுறென் முதல் விடுமுறை",5.585,4.197,5.526,1,"Situational"
"Running-la music remove pannuradhu meditative aspect-kku help pannuma?","ஓடுகிறது லே இசை நீக்கு பன்னுறது தியான அம்சம் நக்கு உதவி பன்னும",5.679,4.744,5.626,1,"Situational"
"Alone with thoughts irukkuradhu good life-kku vital-nu think pannuren.","உடன் தனியாக தோஉக்ட்ச் இறுக்குறது நல்ல வாழ்க்கை நக்கு முக்கிய டு நினைக்கிறார்கள் பன்னுறென்",5.166,4.576,5.26,1,"Stable/Neutral"
"Music illama? Why?","ை ஷன்",3.71,4.52,4.815,1,"Situational"
"Ex-oda 12 years apparam 2023 end-la cheating catch panninen. Depression last year middle-la really bad","Ex ஊக ஆண்டுகள் அப்பாறம் முடிவு லே ஏமாற்று பிடிப்பு பன்னினென் கடந்த ஆண்டு பத்தியில் மனச்சோர்வு லே மிகவும் மோசமானது",4.82,4.397,5.167,1,"Situational"
"Same thing 3 years ago panninen. Yourself-a find pannuren","ஆண்டுகளுக்கு முன்பு அபே விஷயம் பன்னினென் நீங்களே பரு கண்டுபிடிப்பு பன்னுறென்",4.978,4.306,5.099,1,"Situational"
"Health shift pannuradhu-kku one simple thing: drink edukkum munna","கெஅள்த் மாற்றம் பன்னுறது நக்கு பரு எளிய விஷயம் குடிக்கும் முண்ண",5.2,4.559,5.251,1,"Situational"
"Incandescent people find panninen","ஒளிரும் மக்கள் கண்டுபிடிக்கிறார்கள் பன்னினென்",5.572,5.12,5.43,1,"Situational"
"Indecent people like pannuren. Very indecent.","அநாகரீகமானவர்கள் விரும்புகிறார்கள் பன்னுறென் மிகவும் அநாகரீகம்",5.0,5.0,5.0,1,"Situational"
"Silly thing therapist suggest pannaru","முட்டாள்தனமான விஷயம் தெறபிச்ட் பரிந்துரைக்கின்றன பண்ணறு",5.332,4.506,5.092,1,"Situational"
"High blood pressure","உலர் சூ அழுத்தம்",3.533,4.81,5.397,1,"Psychotic"
"Pills-kku “alternatives” suggest pannuravangala punch pannanum-nu feel panninen","பிள்ள்ச் நக்கு மாற்று வழிகள் பரிந்துரைக்கின்றன பன்னுறவஙள குத்து பண்ணனும் டு எள் பன்னினென்",5.073,4.825,5.436,1,"Situational"
"Medication things worse pannum-nu some people-kku (enakku maari). Psychiatrist","மருந்து விசயங்கள் மோசமாக உள்ளன பன்னும் டு சிலோ மக்கள் நக்கு எனக்கு மாடி மனநல மருத்துவர்",4.942,4.638,5.204,1,"Situational"
"Chemicals alter brain function-nu against-a irundhen","இரசாயனங்கள் மாறுகின்றன பைன் செயல்பாடு டு அகைன்ச்ட் ஊக இறுன்தென்",5.174,4.435,5.133,1,"Stable/Neutral"
"Fluoxetine benefit pannidhu","Fluoxetine நன்மை பன்னிது",5.57,4.65,5.73,1,"Situational"
"20s-la diagnosed aana","20கள் லே கண்டறியப்பட்டது இன",4.957,4.438,5.08,1,"Stable/Neutral"
"Chemicals not balanced? Doctors test pannurangala? Biomarkers imbalance suggest pannuma?","இரசாயனங்கள் சமநிலையில் ை டாக்டர்கள் சோதனை பன்னுறஙள பயோமார்க்ச் ஏற்றத்தாழ்வு பரிந்துரைக்கிறது பன்னும",4.857,4.952,4.933,2,"Situational"
"Not everybody months or years stick pannuradhu-kku time irukku. Emotional place-la CBT effectively try pannida mudiyadhu. Medication function pannuradhu-kku point kodukkum.","ை மோன்த்ச் நல்லது ஆண்டுகள் குச்சி பன்னுறது நக்கு நேரம் இறுக்கு உணர்ச்சிகரமான இடம் லே CBT திறம்பட முயற்சிக்கவும் பன்னி முடியது மருந்து செயல்பாடு பன்னுறது நக்கு புள்ளி கோடுக்கும்",5.419,4.701,5.476,2,"Situational"
"CBT/CPT joke maari. 10 reasons every week why you are wrong","CBT CPT நகைச்சுவை மாடி காரணங்கள் ஒவ்வொன்றும் லக் ஷன் ரோ உள்ளன போங்",4.935,4.521,5.158,1,"Stable/Neutral"
"Wellbutrin + Zoloft “Well-Loft” nu call pannuranga","Wellbutrin Zoloft எள்ள் மாடி டு கால் பன்னுறங",5.153,4.453,5.14,1,"Stable/Neutral"
"Dosing up-nu enna mean? 4 weeks 75 mg","டோல் ஜப் டு மெஅன் பச மி.",4.895,4.597,5.114,2,"Stable/Neutral"
"Same story. Public healthcare system TMS repeat pannuradha or ketamine try pannuradha decide pannudhu.","அபே கதை பொது கெஅள்த்கார்எ கணினி டிஎம்எச் மீண்டும் பன்னுறக நல்லது கெட்டமைன் முயற்சி பன்னுறக முடிவு செய்யுங்கள் பன்னுது",5.605,4.161,5.516,1,"Situational"
"TMS neurodiverse folks-kku work pannala (friend study pannaru","டிஎம்எச் நரம்பியல் மக்கள் நக்கு வேலை பண்ணை நண்பர் படைப்பு பண்ணறு",5.796,4.669,5.674,1,"Situational"
"Smallest things manage pannina","ச்மள்ளெச்ட் விசயங்களை நிர்வகிக்கிறது பன்னி",5.575,4.715,5.195,1,"Situational"
"Indha period-la naan dhaan.","இன்க காலம் லே மான் தார்",4.842,3.94,5.574,1,"Situational"
"Bed-la full day depression-oda irukken. Aneurysm tonight vandha good.","படுக்கை லே உள்ள் நாள் மனச்சோர்வு ஊக இறுக்கென் இன்றிரவு அனீரிசம் வன்க நல்லது",5.216,4.282,5.286,1,"Situational"
"Mindset change pannuradhu-kku idhu help pannum.","மனநிலை சூ பன்னுறது நக்கு இரு உதவி பன்னும்",5.106,5.263,5.36,1,"Situational"
"Clinically diagnosed-a","மருத்துவ ரீதியாக கண்டறியப்பட்டது ஊக",4.888,4.835,4.992,1,"Situational"
"Depression worse pannidhu long run-la.","மனச்சோர்வு மோசமானது பன்னிது போங் ஓடு லே",4.863,4.128,5.175,1,"Situational"
"Lexapro nothing pannala","லெக்சாப்ரோ ஒன்றுமில்லை பண்ணை",4.67,3.767,4.76,1,"Situational"
"Increasing dose help pannala","அளவு அதிகரிக்க உதவுகிறது பண்ணை",5.748,4.117,5.495,1,"Situational"
"Clinically depressed vs sad-a irukkuravanga walk pona difference theriyum.","மருத்துவ ரீதியாக மனச்சோர்வு vs சோகம் ஊக இறுக்குறவங நடக்க போ வேறுபாடு தெரியும்",4.805,4.998,4.945,1,"Situational"
"Psilocybin. Wife and naan power paathu","சைலோசைபின் மனைவி மற்றும் மான் சக்தி தாது",5.708,4.27,5.34,1,"Situational"
"Ayahuasca betting","அயகுஅச்அ பந்தயம்",4.84,4.875,4.915,1,"Situational"
"Touching grass real. Animals-a cages-la poduradhu-nu remember pannu.","தட்டு புல் உண்மையான விலங்குகள் பரு கூண்டுகள் லே போடுறது டு நினைவில் கொள்கை பன்னி",5.53,3.832,5.647,1,"Situational"
"Depression fog maari","மனச்சோர்வு மூடுபனி மாடி",4.633,3.83,4.413,1,"Situational"
"Pokémon go start panninen","போகிமேன் தொடங்குங்கள் பன்னினென்",4.603,4.89,4.563,1,"Melancholic"
"Sun magic maari. Star far away","சூரிய மந்திரம் மாடி தொலைவில் நட்சத்திரம்",5.698,3.806,5.056,1,"Situational"
"Exercise only thing work pannidhu. 5 or 6 meds","உடற்பயிற்சி மட்டுமே வேலை பன்னிது நல்லது மருந்துகள்",5.385,4.827,5.645,1,"Situational"
"Ketamine sharing pannadhu-kku thanks. Important perspective. Not cure all","கெட்டமைன் பகிர்வு பண்ணது நக்கு தன்ச முக்கியமான கண்ணோட்டம் அனைத்தையும் குணப்படுத்த முடியாது",5.158,4.738,5.269,1,"Situational"
"Weed same reason use panninen. Helps some","களை அபே காரணம் பயன்பாடு பன்னினென் சிலருக்கு உதவுகிறது",5.227,4.219,5.264,1,"Situational"
"Breakup crazy-a irundhuchu.","பிரேக்அப் பைத்தியம் ஊக இறுன்துசு",3.44,5.098,4.607,1,"Melancholic"
"Pool-lendhu konjam time veliya edukkuradhu venum.","பூச் ளென்து கோபம் நேரம் வெளியே எடுக்குறது வெறும்",4.95,4.277,5.124,1,"Situational"
"TMS helmet head-la poduranga. Electrical pulse left top-lendhu right side poidhu. Earplugs podanum. Fast MRI maari sound. Technician intensity adjust pannuva. Low-lendhu start","டிஎம்எச் ஹெல்மெட் தலை லே போடுறங மேல் இடதுபுறத்தில் மின் துடிப்பு ளென்து வலது பக்கம் போஇது காதணிகள் போஅனும் வேகமான ம்றி மாடி ஒலி டெச்னிஇஅன் செய்தல் பன்னுவ குறைந்த ளென்து தொடங்கு",5.271,4.276,5.034,2,"Situational"
"Low-intensity TMS panninen","குறைந்த தீவிரம் டி. எம். எச் பன்னினென்",5.011,4.711,4.902,3,"Situational"
"TMS few side effects","டிஎம்எச் சிலோ பக்க விளைவுகள்",4.978,4.01,5.162,1,"Situational"
"Behaviors choose pannalaam. Behaviors change pannina","நடத்தைகள் சூசே பண்ணளாம் நடத்தைகள் சூ பன்னி",4.913,5.002,5.227,1,"Situational"
"Depression forget pannuren instantly. Males-kku dhaan work pannum","மனச்சோர்வு மறந்து விடுங்கள் பன்னுறென் உடனடியாக கண்கள் நக்கு தார் வேலை பன்னும்",5.016,4.551,5.299,1,"Situational"
"Mantra daily life-la use pannuren","மன்ட்ர தின வாழ்க்கை லே பயன்படுத்த பன்னுறென்",5.357,4.911,5.276,2,"Situational"
"Contentment first stage maari feel pannuren. Neutral-la long time vaazhnden","மனநிறைவு முதல் நிலை மாடி எள் பன்னுறென் நடுநிலை லே போங் நேரம் வாழ்ன்டென்",5.507,4.014,5.61,1,"Situational"
"Chronically depressed people suffering reduce pannanumnu want pannuranga","நாள்பட்ட மனச்சோர்வினால் பாதிக்கப்பட்டவர்கள் குறையும் பண்ணனும்னு வேண்டும் பன்னுறங",4.837,4.701,4.807,1,"Situational"
"Depression explains pannum","மன அழுத்தம் எப்ளைன்ச் பன்னும்",4.558,4.77,4.612,1,"Melancholic"
"ADHD irukku","லக் இறுக்கு",4.79,4.565,5.52,1,"Situational"
"ADHD 30s-la diagnose panninen. Women-la anxiety","லக் 30கள் லே கண்டறிதல் பன்னினென் ஓம்என் லே கவலை",4.843,4.394,5.197,1,"Situational"
"Entropy beauty paakuradhu try pannuren. Indha reason-nala dhaan naama irukkom.","என்ட்ரோபி பெஅஉட்ய் பாகுறது முயற்சி பன்னுறென் இன்க காரணம் வள தார் மா இறுக்கோம்",5.345,4.357,5.354,1,"Situational"
"ADHD irukku. “Be consistent” wrong phrasing. Happiness chase pannuradhu focus pannama (ADHD folks-kku relevant)","லக் இறுக்கு சீரான இருங்கள் போங் மகிழ்ச்சியைத் துரத்துதல் பன்னுறது கவனம் பண்ணை லக் எல்லோரும் நக்கு தொடர்புடைய",5.278,4.304,5.482,1,"Situational"
"Already pannuren :(","ஏற்கனவே பன்னுறென்",5.0,5.0,5.0,1,"Situational"
"Walk to work 20 minutes morning","காலை வேலை நிமிடங்களுக்கு நடக்கும்",5.49,4.178,5.75,1,"Situational"
"Clean space mentally help pannum. Clutter","ளெஅன் விண்வெளி மன உதவி பன்னும் ளுட்டெற்",5.27,4.815,5.157,1,"Situational"
"“Wasting time” definition change panninen","நேரத்தை வீணடிக்கும் வரையறை சூ பன்னினென்",4.562,4.858,5.252,1,"Situational"
"Leave poga set aagiten. Friday last day for a month.","குளம்பு போ அமைக்கப்பட்டது ஆகிடென் வெள்ளிக்கிழமை டைசி நாள் ஊக மோன்த்",5.084,4.431,5.034,1,"Situational"
"Work 8 hours weekdays-la edukkum","வேலை நேரம் ஈக்அய்ச் லே எடுக்கவும்",5.16,4.14,5.768,1,"Situational"
"Depression support group-la job burnout pathi pesinavanga","மன அழுத்தம் சுப்போற்ட் குழு லே வேலை எரிதல் பசி பெசினவங",4.798,4.497,4.959,1,"Situational"
"Below $75K less happy","75 ஆயிரத்திற்கும் குறைவான மகிழ்ச்சி குறைவு",5.218,4.9,5.14,1,"Situational"
"High income-la unhappiest-a irundhen. Ippo less pannuren","அறிக வருமானம் லே மகிழ்ச்சியற்ற ஊக இறுன்தென் குறைவான பன்னுறென்",4.612,4.476,4.775,2,"Situational"
"WHOOOOA member of congress irukkuradhu theriyala!","கூஊஅ உறுப்பினர் ஓங்றெச்ச் இறுக்குறது தெறியள",5.122,4.89,5.1,1,"Situational"
"Brain out pannuradhu easy","பைன் வெளியே பன்னுறது எளிதானது",5.758,3.685,5.815,1,"Situational"
"Study link panninen.","ஆய்வு இணைப்பு பன்னினென்",4.517,4.467,4.933,1,"Situational"
"Bad food like fried food eat pannina bad feel","மோசமான ஊக வறுத்தது போ ஊக சாப்பிடு பன்னி மோசமான எள்",4.861,4.37,4.862,1,"Situational"
"Voices in my head innum keluren.","எண் தலையில் குரல்கள் இன்னும் கெளுறென்",5.0,4.552,5.086,1,"Stable/Neutral"
"DDP Yoga biggest help. One diamond cutter vida adhigama venum!","டிடிபி ரோ மிகப்பெரிய உதவி பரு வரம் உட்டெற் வீ அதிஅம வெறும்",5.071,4.123,5.289,1,"Situational"
"Depression brain “stay in bed” nu solludhu","மன அழுத்தம் பைன் படுக்கையில் இருங்கள் டு சோள்ளுது",5.07,4.237,4.821,1,"Situational"
"Reconnect pannuren","மீண்டும் இணைக்கவும் பன்னுறென்",5.54,3.587,5.447,1,"Situational"
"Daily vitamin D supplements start pannina life change aachu. First change paakala","வைட்டமின் டை சப்ளிமெண்ட்ச் தொடங்கவும் பன்னி வாழ்க்கை சூ ஆடு முதலில் சூ பாகள",5.048,4.544,5.53,1,"Situational"
"Username checks out.","பயனர் பெயர்",4.645,3.125,5.35,1,"Atypical"
"Fellow polar bear! Meds ups and downs flatten pannidhu","எள்ளோ துருவ கரடி மருந்துகள் ஏற்றி தாழ்வுகள் ளட்டென் பன்னிது",4.857,4.649,4.793,1,"Situational"
"Depressed ippo","மன அழுத்தம்",4.115,4.54,4.225,1,"Situational"
"Depression gone again-nu think pannuren.","மனச்சோர்வு நீங்கியது அகைன் டு நினைக்கிறார்கள் பன்னுறென்",4.707,4.672,4.802,1,"Situational"
"Spinning brushy brushy things-oda rub pannuren.","தூரிகையான துலக்கமான விசயங்களைச் சுழற்றுவது ஊக தேய்க்க பன்னுறென்",4.871,4.781,4.973,1,"Situational"
"Failing sets pathi better feel pannuren. Needed to hear that.","பஇளிங் அமைக்கிறது பசி பெட்டெற் எள் பன்னுறென் ஒன்று கேட்க வேண்டும்",4.971,4.38,4.893,1,"Situational"
"Restarting skill most helped. ADHD irukku","மறுதொடக்கம் ச்கிள்ள் மிகவும் உதவியது லக் இறுக்கு",4.988,4.742,5.272,1,"Situational"
"One activity: up aaguren","பரு செயல்பாடு உள்ளது ஆகுறென்",4.537,4.702,5.5,1,"Situational"
"Podcast-oda run pannuren. Recently no earbuds run panninen. Anxious","பாட்காச்ட் ஊக ஓடு பன்னுறென் சமீபத்தில் இயர்பட்கள் இயங்கவில்லை பன்னினென் கவலையுடன்",4.9,4.596,4.959,1,"Situational"
"Overstimulated lives","மிகைப்படுத்தப்பட்ட உயிர்கள்",4.325,5.2,4.905,1,"Melancholic"
"Daughter-a she took","டௌக்டெற் பரு அவள் டக்",4.25,4.325,4.825,1,"Situational"
"Talk to yourself like dog good pannina maari","மாயை நல்ல மாதிரி பசு பன்னி மாடி",5.332,3.953,5.288,1,"Situational"
"Cheers to that!!","சீற்ச் அதற்கு",5.0,5.0,5.0,1,"Situational"
"Serotonin make pannida mudiyala","செரோடோனின் தயாரிக்கிறது பன்னி முடியள",5.575,4.715,5.195,1,"Situational"
"Monoamine hypothesis mid-1900s-la create aachu","மோனோஅமைன் க்ய்போதெசிச் 1900களின் பத்தியில் லே உருவாக்க ஆடு",5.39,4.077,5.319,1,"Situational"
"CBT valid view. Emotions regulate pannuradhu-kku good","யான பார்வை உணர்ச்சிகளை ஒழுங்குபடுத்துகிறது பன்னுறது நக்கு நல்லது",5.557,4.856,5.437,1,"Situational"
"Love you. Soon get through pannu","அம்பு ரோ சூப் கிடைக்கும் த்றோஉக் பன்னி",5.698,4.137,5.712,1,"Situational"
"Discipline practice venum-nu therapy teach pannidhu. Meds energy kodukkum","ஒழுக்கம் பயிற்சி வெறும் டு தெறப்ய் கற்பிக்கின்றன பன்னிது மருந்து ஆற்றல் கோடுக்கும்",4.976,4.652,5.486,1,"Situational"
"Lexapro + high intensity exercise","லெக்சாப்ரோ உலர் தவிர உடற்பயிற்சி",5.328,4.53,5.897,1,"Situational"
"Exercise antidepressants outperform pannidhu studies-la. Neither disregard pannadha","உடற்பயிற்சி ஆண்டிடிரசன்கள் சிறப்பாக செயல்படுகின்றன பன்னிது ஆய்வுகள் லே னெஇதெற் அலட்சியம் பண்ணை",5.155,4.629,5.315,1,"Situational"
"Psychedelics decades self-hatred ease pannidhu","மனநோய் பச தசாப்தங்களாக சுய வெறுப்பு எளிதாக்குகிறது பன்னிது",4.836,4.84,5.089,1,"Situational"
"Setup eppadi irundhuchu? Controlled setting-la?","அமைவு எப்படி இறுன்துசு கட்டுப்படுத்தப்பட்ட அமைப்பு லே",5.183,4.447,5.222,1,"Situational"
"Psychedelics try pannuren","மனநோயாளிகள் முயற்சி செய்கிறார்கள் பன்னுறென்",5.355,4.798,5.188,1,"Situational"
"Mum trying to be there","முள் பங்கு இருக்கை முயற்சிக்கிறது",4.633,4.308,4.77,1,"Situational"
"Side effects irundhucha?","பக்க விளைவுகள் இறுன்துச",5.107,4.38,5.273,1,"Situational"
"Dominatrix-a","டொமினாட்ரிக்ச் ஊக",4.55,4.235,4.905,1,"Situational"
"Introspective aagu","சுயபரிசோதனை ஆக",5.66,4.215,5.59,1,"Situational"
"Incredible choice choosing yourself! Space from environment perspective","நம்பமுடியாத தேர்வு சூசிங் சுற்றுச்சூழல் கண்ணோட்டத்தில் நீங்களே விண்வெளி",4.727,4.683,5.174,1,"Situational"
"Better job find pannuren","பெட்டெற் வேலை தேடுதல் பன்னுறென்",5.013,4.832,5.28,1,"Situational"
"$75-125k sweet spot","125k ச்ஈட் புள்ளி",4.947,4.363,5.057,1,"Situational"
"Dimentia Donald Dump.","டிமென்டிஅ டொனால்ட் டம்ப்",4.577,4.557,4.833,1,"Situational"
"Futurama-lendhu vandha maari.","உடுராம ளென்து வன்க மாடி",5.24,4.605,5.022,1,"Situational"
"Life changing article aagum.","வாழ்க்கையை மாற்றம் கட்டுரை ஆகும்",5.123,4.697,5.21,1,"Situational"
"Correlation boys-la paathu","தொடர்பு சிறுவர்கள் லே தாது",5.645,3.975,5.325,1,"Situational"
"They counsel me","தாய் எனக்கு அறிவுரை கூறுங்கள்",5.668,4.685,5.02,1,"Situational"
"Being milked...","பால் கறப்பது",5.545,4.45,5.695,1,"Situational"
"Every piece of advice “silly things” maari feel pannudhu","ஒவ்வொரு அறிவுரையும் முட்டாள்தனமான விசயங்கள் மாடி எள் பன்னுது",5.36,4.496,5.15,1,"Situational"
"Good stoic.","நல்ல ஸ்டோயிக்",4.615,3.34,5.77,1,"Atypical"
"Hypomania maari sound pannudhu. Bipolar type 2","க்ய்போமனிஅ மாடி ஒலி பன்னுது இருமுனை வகை",5.12,4.205,4.875,1,"Situational"
"Psychedelics established thought patterns off pannuma? Deep-rooted quickly disappear pannadhu-nu doubt","மனநோய் நிறுவப்பட்டது தோஉக்ட் பட்டெற்ன்ச் ஆண் பன்னும டப் விரைவாக வேரூன்றியது டிசப்பெஅற் பண்ணது டு சந்தேகம்",4.95,5.055,5.026,1,"Situational"
"Trump gov’t money cut pannuradhu threaten pannaru","டிரம்ப் அரசு பச வெட்டு பன்னுறது த்றெஅடென் பண்ணறு",4.829,4.499,5.236,1,"Situational"
"Second round TMS catastrophic thinking kondu vandhuchu","இரண்டாம் சுற்று TMS பேரழிவு சிந்தனை கோன்டு வன்துசு",5.3,4.32,5.134,1,"Situational"
"Source capitalism-nu paathuten. Ippo enna?","மூல முதலாளித்துவம் டு பாதுடென்",4.777,4.28,4.985,1,"Situational"
"No solution always","எப்போதும் தீர்வு",5.335,4.18,4.965,1,"Situational"
"Toxic boss-lendhu burnout recover pannuren. She “retire” pannita","நச்சு முதலாளி ளென்து எரிதல் மீட்பு பன்னுறென் அவள் ஓய்வு பெறுகிறாள் பன்னி",5.421,4.441,4.975,1,"Situational"
"Medical bankruptcy","மருத்துவ திவால்",5.225,5.435,5.08,1,"Situational"
"ZING!! Good one","பிங் நல்லது",6.31,3.81,5.925,1,"Situational"
"Reddit exchanges make sense pannudhu.","ரெடிட் எச்அஙெச் அர்த்தமுள்ளதாக பன்னுது",5.0,5.0,5.0,1,"Situational"
"“Most” nu sonnadhu love pannuren. Not all show up to work all the time.","பெரும்பாலானவை டு சோண்ணது அம்பு பன்னுறென் அனைவரும் எல்லை நேரத்திலும் வேலை செய் வருவதில்லை",5.157,4.524,5.197,1,"Stable/Neutral"
"Call coming from inside the house.","கால் வீட்டிற்குள் பருந்து வருகிறது",5.518,4.67,5.385,1,"Situational"
"Depressed people poorly eat","மனச்சோர்வடைந்தவர்கள் மோசமாக சாப்பிடுகிறார்கள்",4.183,5.3,4.95,1,"Melancholic"
"Study issues irukku","படைப்பு சிக்கல்கள் இறுக்கு",5.687,5.18,5.953,1,"Situational"
"Science research mostly men-oda study pannirukku. Next 10-20 years women data kedaikkum","பெரும்பாலும் அறிவியல் ஆராய்ச்சி யென் ஊக படைப்பு பன்னிறுக்கு அடுத்த வருடங்கள் ஓம்என் அடி கிடைக்கும்",5.29,4.356,5.449,1,"Situational"
"Own thoughts scary-na","சொந்தம் தோஉக்ட்ச் பயமுறுத்தும் இன",4.162,4.85,4.425,1,"Melancholic"
"Shrooms game changer. Childhood trauma","ச்றூம்ச் விளையாட்டு சஙெற் சிள்தூ ட்ரஉம",5.39,4.94,5.242,1,"Situational"
"Brain sponge maari","பைன் ச்போஙெ மாடி",5.847,3.89,5.013,1,"Situational"
"18-26 vayasu think panninen. Brain exploded (psychotic episode)","வயது நினைக்கிறார்கள் பன்னினென் பைன் வெடித்த மனநோய் அத்தியாயம்",4.997,4.434,4.791,1,"Situational"
"Existential or exogenous depression","இருத்தலியல் நல்லது வெளிப்புற மனச்சோர்வு",5.21,4.162,5.202,1,"Situational"
"Smh going so well! You had it!!","Smh அப்படி போகிறது எள்ள் ரோ இருந்தது",4.863,4.84,5.053,1,"Situational"
"Doom spiral maari","டூம் சுழல் மாடி",4.74,4.737,4.343,1,"Situational"
"Women little studied","ஓம்என் ளிட்ட்ளெ படித்தார்",5.0,5.0,5.0,1,"Situational"
"Half the people studied girls.","பாவி பர் பெண்களைப் படித்தவர்கள்",4.92,4.805,5.55,1,"Situational"
"Exogenous depression. Exo = outside. External events","வெளிப்புற மனச்சோர்வு வெளிப்புற நிகழ்வுகளுக்கு வெளியே Exo",4.603,4.598,4.915,1,"Situational"
"AuDHD IT guy-kku right-a irukku. Recommendation-kku thanks.","அஉக் ஐடி பையன் நக்கு ஊக இறுக்கு பரிந்துரை நக்கு தன்ச",5.511,4.671,5.493,2,"Situational"
"Women exist pannina years dismiss pannuradhu baffling.","ஓம்என் உள்ளன பன்னி ஆண்டுகள் தள்ளுபடி பன்னுறது குழப்பம்",5.283,4.919,5.141,1,"Situational"
"Face your demons. Poor lifting technique back injure pannina","உங்கள் பேய்களை எதிர்கொள்ளுங்கள் பூச் மீண்டும் தூக்கம் நுட்பம் இஞுறெ பன்னி",5.622,4.288,5.312,1,"Situational"
"Female animals use pannala. Female mice male vida less expensive","பெண் விலங்குகள் பயன்படுத்துகின்றன பண்ணை பெண் எலிகள் ஆண் வீ குறைந்த விலை",5.95,4.151,5.433,1,"Situational"
"Women 15 years-a exist pannuranga-nu thought panninen?!","ஓம்என் ஆண்டுகள் உள்ளன பன்னுறங டு தோஉக்ட் பன்னினென்",4.929,4.843,4.979,1,"Situational"
"Grad school-la rat testing lab-la irundhen. Male rats only use pannanga. Why-nu keten","பட்டதாரி ச்கூல் லே எலி சோதனை ஆய்வகம் லே இறுன்தென் ஆண் எலிகள் மட்டுமே பயன்படுத்துகின்றன பண்ணை ஷன் டு கெடென்",5.079,4.519,5.397,1,"Situational"
"Psychology class-la learn panninen","உளவியல் வகுப்பு லே ஏற்றுக்கொள் பன்னினென்",5.622,3.868,5.376,1,"Situational"
"Hysterical read hormonal-nu consistent results kedaikkala","வெறித்தனமான வாசிப்பு ஹார்மோன் டு நிலையான முடிவுகள் கெடைக்கள",4.73,4.41,4.964,1,"Situational"
